change_count,formula,result
1,Δ1 = |p6 − p5|,0.0412371134020621
2,Δ2 = |p7 − p6|,0.0037307666835912
3,Δ3 = |p8 − p7|,0.0031889043444137
4,Δ4 = |p9 − p8|,0.006128001002946
5,Δ5 = |p10 − p9|,0.01660915228807225
