n,Y,X,Xmean,Ymean,bxy,byx,r,var.x,var.y,covariance
5,6,3.0,3.0,6.0,0.5,2.0,0.9999999999999999,2.0000000000000004,,4.0
6,6,2.958762886597938,3.5,7.166666666666667,0.4639175257731959,2.142857142857143,0.9970501410659875,2.9166666666666665,,6.249999999999998
7,6,2.9550321199143466,4.0,8.285714285714286,0.45717344753747324,2.1785714285714284,0.9979904862806248,4.0,,8.71428571428571
8,6,2.9582210242587603,4.5,9.25,0.4743935309973046,2.0952380952380953,0.9969791363313811,5.25,,10.999999999999998
9,6,2.9520930232558142,5.0,10.11111111111111,0.4981395348837209,1.9833333333333334,0.9939701928056226,6.666666666666669,,13.222222222222225
10,6,2.935483870967742,5.5,11.0,0.5129032258064516,1.9272727272727272,0.9942355851743487,8.25,,15.9
